fecha,ipc_imp,tcn,ln_ipc_imp,ln_tcn,dln_ipc_imp,dln_tcn
2004-01-01,65.43603829220018,6190.476190476191,4.181073150917281,8.730767291714297,NA,NA
2004-02-01,65.39237059897883,6038.35,4.180405594150168,8.705886074800786,-6.675567671132754e-4,-0.02488121691351175
2004-03-01,65.15219828626138,5974.636363636364,4.176726044924269,8.695278515305239,-0.0036795492258985263,-0.010607559495547036
2004-04-01,64.9338598201546,5730.5,4.173369210620718,8.653558065936753,-0.0033568343035508263,-0.04172044936848529
2004-05-01,64.89019212693324,5756.9047619047615,4.172696489438268,8.658155241531288,-6.727211824504309e-4,0.004597175594534875
2004-06-01,65.1303644396507,5922.272727272727,4.176390868115367,8.68647556083866,0.003694378677098875,0.028320319307372444
2004-07-01,64.75918904726919,5903.409090909091,4.170675606298495,8.683285275043213,-0.005715261816871653,-0.003190285795447778
2004-08-01,64.84652443371189,5908.818181818182,4.172023315397364,8.684201121168128,0.0013477090988684992,9.158461249150207e-4
2004-09-01,65.08669674642935,5919.333333333333,4.17572017727869,8.685979108924162,0.003696861881326008,0.001777987756033994
2004-10-01,65.17403213287206,5995,4.177061109427321,8.698681067461614,0.0013409321486310688,0.01270195853745193
2004-11-01,65.30503521253613,6100,4.179069142230566,8.716044050161402,0.002008032803245463,0.01736298269978853
2004-12-01,65.54520752525356,6185.227272727273,4.182740095794025,8.729919029944085,0.003670953563458923,0.013874979782682928
2005-01-01,66.22205677018458,6276.666666666667,4.1930135912891995,8.74459433298309,0.010273495495174423,0.014675303039004106
2005-02-01,67.11724448122234,6311,4.206441007699159,8.75004942158424,0.013427416409959925,0.005455088601150848
2005-03-01,67.9250968058174,6262.25,4.2184055804982545,8.742294824436609,0.01196457279909513,-0.007754597147631159
2005-04-01,68.58011220413773,6267.75,4.228002583139265,8.743172717549655,0.009597002641010377,8.778931130457579e-4
2005-05-01,69.19145990923668,6242.727272727273,4.236877443291538,8.739172428816351,0.008874860152273456,-0.004000288733303492
2005-06-01,69.62813684145024,6129.318181818182,4.243168750610676,8.720838796287069,0.006291307319137296,-0.01833363252928244
2005-07-01,70.08664762027448,6020.476190476191,4.24973229972468,8.70292163658252,0.006563549114003919,-0.01791715970454888
2005-08-01,70.98183533131225,5996.818181818182,4.262424003904523,8.698984304519506,0.012691704179843555,-0.003937332063014054
2005-09-01,71.26567533725105,6110.238095238095,4.266414799684616,8.717721019530478,0.0039907957800924265,0.01873671501097185
2005-10-01,71.78968765590731,6118.809523809524,4.273740839776688,8.719122834331118,0.0073260400920727164,0.0014018148006407216
2005-11-01,72.24819843473153,6127.5,4.28010739152223,8.720542115402267,0.006366551745541571,0.001419281071148859
2005-12-01,72.42286920761696,6109.523809523809,4.282522122547671,8.717604112880304,0.002414731025440986,-0.002938002521963412
2006-01-01,72.42286920761696,6125.909090909091,4.282522122547671,8.72028244740489,0,0.002678334524585324
2006-02-01,72.8595461398305,6059,4.288533562351992,8.70930004894499,0.0060114398043209505,-0.010982398459900011
2006-03-01,73.14338614576931,5884.090909090909,4.29242170841973,8.680007531821367,0.0038881460677382407,-0.02929251712362202
2006-04-01,73.16521999237999,5796.666666666667,4.292720171337929,8.66503831868022,2.984629181987941e-4,-0.014969213141148074
2006-05-01,73.07788460593727,5595.714285714285,4.291525784811944,8.629756277604564,-0.00119438652598447,-0.03528204107565536
2006-06-01,73.36172461187608,5615.238095238095,4.295402336557868,8.633239269699741,0.0038765517459236065,0.0034829920951775506
2006-07-01,73.3398907652654,5491.9047619047615,4.295104673212911,8.611030425496562,-2.9766334495739954e-4,-0.022208844203179368
2006-08-01,73.25255537882269,5423.181818181818,4.2939131330064,8.59843797351153,-0.0011915402065101333,-0.012592451985032227
2006-09-01,73.27438922543338,5398.25,4.294211151187715,8.593830105954941,2.9801818131414137e-4,-0.004607867556588374
2006-10-01,73.14338614576931,5344.772727272727,4.29242170841973,8.583874301932616,-0.0017894427679845393,-0.009955804022325765
2006-11-01,73.16521999237999,5396.363636363636,4.292720171337929,8.593480605042892,2.984629181987941e-4,0.009606303110276215
2006-12-01,73.09971845254796,5313.1578947368425,4.291824515209984,8.577941644574544,-8.956561279447328e-4,-0.015538960468347796
2007-01-01,72.96871537288388,5200.681818181818,4.290030792755957,8.556545014855308,-0.0017937224540274244,-0.02139662971923606
2007-02-01,72.83771229321982,5204,4.288233847079256,8.557182839632397,-0.0017969456767010783,6.378247770886247e-4
2007-03-01,72.7503769067771,5090.952380952381,4.287034086887351,8.535220200284122,-0.0011997601919047085,-0.021962639348274138
2007-04-01,72.61937382711305,5023.1578947368425,4.285231743353491,8.521814077605358,-0.0018023435338596627,-0.013406122678764731
2007-05-01,72.64120767372373,5045.714285714285,4.285532359619094,8.526294505662582,3.006162656031819e-4,0.004480428057224373
2007-06-01,73.95123847036436,5069.5,4.30340593641839,8.530997472392635,0.017873576799295243,0.004702966730052438
2007-07-01,74.9774292610662,5110.681818181818,4.317187125058039,8.539088102512617,0.0137811886396495,0.008090630119982123
2007-08-01,75.93811851193603,5096.136363636364,4.3299187785148465,8.536237955849316,0.01273165345680738,-0.0028501466633006345
2007-09-01,76.22195851787482,5012.5,4.3336495907056545,8.519690071614825,0.003730812190807953,-0.01654788423449105
2007-10-01,76.3311277509282,4952.826086956522,4.335080820376044,8.507713619304,0.0014312296703895555,-0.011976452310824115
2007-11-01,76.54946621703499,4714.318181818182,4.337937149081798,8.45835957842193,0.002856328705753697,-0.049354040882070294
2007-12-01,76.74597083653107,4716.5,4.3405008878453835,8.458822278089908,0.0025637387635857323,4.626996679775175e-4
2008-01-01,77.0529547198772,4704.090909090909,4.344492909114921,8.456187815303903,0.00399202126953746,-0.0026344627860055425
2008-02-01,78.12739831158864,4672.857142857143,4.3583408059737145,8.449525971477117,0.013847896858793618,-0.006661843826785585
2008-03-01,77.89716039907904,4524.736842105263,4.355389500339134,8.41731469800205,-0.002951305634580237,-0.032211273475066804
2008-04-01,78.05065234075211,4274.090909090909,4.357358004911807,8.360326705912806,0.0019685045726722805,-0.05698799208924399
2008-05-01,78.51112816577128,4072.5,4.363240374814873,8.3120123404762,0.00588236990306612,-0.04831436543660672
2008-06-01,78.51112816577128,3969,4.363240374814873,8.286269452783065,0,-0.025742887693134264
2008-07-01,78.66462010744435,3962.8260869565215,4.365193500435755,8.284712708037873,0.0019531256208820125,-0.0015567447451925176
2008-08-01,79.04834996162701,3974.5,4.3700596900869275,8.287654233013168,0.004866189651172803,0.0029415249752950956
2008-09-01,79.2785878741366,3986.6666666666665,4.372968077982884,8.290710738836513,0.002908387895956821,0.003056505823344935
2008-10-01,81.504221028396,4351.95652173913,4.40065481066513,8.378380798076666,0.02768673268224564,0.08767005924015336
2008-11-01,82.42517267843438,4799,4.411890883932056,8.476162841858246,0.011236073266926105,0.09778204378157973
2008-12-01,82.11818879508824,4874.285714285715,4.408159536319198,8.491728852550303,-0.0037313476128577605,0.015566010692056764
2009-01-01,81.81120491174212,4978.571428571428,4.404414213589036,8.512898267133357,-0.0037453227301620373,0.021169414583054547
2009-02-01,82.11818879508824,5085.75,4.408159536319198,8.534197790232062,0.0037453227301620373,0.021299523098704753
2009-03-01,82.27168073676131,5124.545454545455,4.410026950493993,8.541797108277251,0.001867414174794746,0.007599318045189207
2009-04-01,81.88795088257866,5034.5,4.405351860164999,8.52406949535567,-0.004675090328993825,-0.01772761292158087
2009-05-01,81.88795088257866,5026.8421052631575,4.405351860164999,8.522547253862342,0,-0.0015222414933280248
2009-06-01,81.88795088257866,5016.190476190476,4.405351860164999,8.520426055313957,0,-0.00212119854838555
2009-07-01,82.19493476592477,4998.695652173913,4.4090936793109945,8.516932287818635,0.003741819145995251,-0.003493767495321265
2009-08-01,82.11818879508824,4944.761904761905,4.408159536319198,8.506084094214494,-9.341429917961719e-4,-0.010848193604141798
2009-09-01,82.11818879508824,4923.809523809524,4.408159536319198,8.501837803333043,0,-0.004246290881450676
2009-10-01,81.96469685341519,4870,4.406288628383386,8.490849216076635,-0.0018709079358121272,-0.010988587256408167
2009-11-01,81.88795088257866,4828.571428571428,4.405351860164999,8.482305932415796,-9.367682183869519e-4,-0.008543283660838341
2009-12-01,81.19723714504987,4649.047619047619,4.3968812212814905,8.444417664496294,-0.008470638883508741,-0.03788826791950228
2010-01-01,81.35072908672294,4655.5,4.398769795969359,8.445804595328584,0.001888574687868072,0.001386930832289579
2010-02-01,81.7344589409056,4694.75,4.403475687006772,8.454200142088316,0.004705891037413146,0.008395546759732753
2010-03-01,81.81120491174212,4693.909090909091,4.404414213589036,8.45402100913972,9.38526582264565e-4,-1.7913294859717155e-4
2010-04-01,82.04144282425172,4700.1,4.407224519888292,8.455339064067552,0.002810306299255494,0.001318054927832435
2010-05-01,82.42517267843438,4726.952380952381,4.411890883932056,8.461035956901238,0.004666364043764304,0.005696892833686462
2010-06-01,82.9623944742901,4752.090909090909,4.418387426502455,8.46633999156044,0.006496542570398667,0.005304034659202372
2010-07-01,83.42287029930928,4757,4.423922495984455,8.467372496432281,0.005535069482000665,0.0010325048718407004
2010-08-01,83.57636224098235,4755.772727272727,4.425760731796207,8.467114470140839,0.0018382358117516873,-2.5802629144244804e-4
2010-09-01,83.42287029930928,4783.476190476191,4.423922495984455,8.472922797678468,-0.0018382358117516873,0.005808327537629054
2010-10-01,83.88334612432847,4917.142857142857,4.429427097039785,8.500482920710217,0.005504601055329239,0.027560123031749484
2010-11-01,84.57405986185725,4796.636363636364,4.437627598576106,8.475670193674869,0.008200501536321347,-0.024812727035348203
2010-12-01,84.49731389102071,4570.227272727273,4.436719745585926,8.427318214101852,-9.078529901795918e-4,-0.048351979573016735
2011-01-01,85.03453568687642,4592.428571428572,4.443057476170475,8.43216426365936,0.006337730584548673,0.004846049557507115
2011-02-01,85.41826554105909,4587.4,4.447559960138791,8.431068693760116,0.0045024839683156515,-0.0010955698992436425
2011-03-01,85.57175748273215,4323.090909090909,4.449355292757465,8.371725913613977,0.0017953326186743723,-0.05934278014613881
2011-04-01,84.88104374520337,4051.1052631578946,4.441250790945526,8.306745027352362,-0.008104501811939002,-0.06498088626161547
2011-05-01,84.9577897160399,3994.3333333333335,4.442154541571883,8.292631969014407,9.037506263567252e-4,-0.014113058337954953
2011-06-01,86.26247122026093,3994.9545454545455,4.457394639316883,8.29278748027696,0.015240097745000014,1.5551126255353154e-4
2011-07-01,86.1857252494244,3926.0476190476193,4.45650456360169,8.275388503914051,-8.900757151932837e-4,-0.01739897636290877
2011-08-01,85.87874136607827,3873.0454545454545,4.452936317175172,8.261796415708588,-0.0035682464265178737,-0.013592088205463426
2011-09-01,86.10897927858787,3996.5714285714284,4.455613694945888,8.293192129687899,0.002677377770716305,0.03139571397931107
2011-10-01,86.64620107444358,4168.428571428572,4.461833173012908,8.335294402386253,0.00621947806702039,0.042102272698354426
2011-11-01,87.56715272448196,4309,4.4724059587253215,8.368461137615839,0.010572785712413157,0.03316673522958524
2011-12-01,88.64159631619339,4431.666666666667,4.48460123181914,8.39653101500901,0.012195273093818848,0.028069877393171794
2012-01-01,89.63929393706829,4596.545454545455,4.495793772251418,8.433060312202038,0.011192540432277909,0.03652929719302733
2012-02-01,90.79048349961626,4455.285714285715,4.508554472841633,8.401846471245918,0.012760700590214391,-0.03121384095612001
2012-03-01,90.63699155794319,4284.047619047619,4.506862425060608,8.362653547063196,-0.0016920477810247192,-0.039192924182721356
2012-04-01,90.8672294704528,4305.473684210527,4.5093994243071975,8.367642441984346,0.0025369992465895663,0.0049888949211496225
2012-05-01,91.17421335379892,4369.1,4.512772108785836,8.382312317222343,0.00337268447863881,0.014669875237997232
2012-06-01,91.55794320798157,4529.9,4.5169720309611625,8.418455143178234,0.004199922175326165,0.036142825955890245
2012-07-01,91.48119723714504,4438,4.516133456488541,8.39795910349254,-8.385744726213673e-4,-0.020496039685694356
2012-08-01,91.4044512663085,4411.450789473685,4.5152941782185465,8.391958891544673,-8.392782699946366e-4,-0.006000211947865708
2012-09-01,91.48119723714504,4424.585999999999,4.516133456488541,8.39493199374305,8.392782699946366e-4,0.0029731021983767647
2012-10-01,92.01841903300077,4455.012391304348,4.521988763890761,8.401785121338605,0.005855307402219623,0.006853127595555009
2012-11-01,92.0951650038373,4460.152045454546,4.5228224446393375,8.402938135342119,8.336807485767039e-4,0.0011530140035134195
2012-12-01,91.8649270913277,4288.768888888888,4.5203193144212195,8.363754998450665,-0.002503130218117988,-0.03918313689145414
2013-01-01,91.48119723714504,4187.540909090909,4.516133456488541,8.339868945420745,-0.0041858579326783385,-0.023886053029919196
2013-02-01,90.56024558710666,4024.5557500000004,4.506015326322957,8.300169811090345,-0.010118130165584382,-0.03969913433039984
2013-03-01,90.09976976208749,4002.1261111111107,4.500917609251288,8.294581026668952,-0.005097717071668839,-0.0055887844213931
2013-04-01,90.25326170376054,4096.221590909092,4.502619737321818,8.317820264599067,0.0017021280705300512,0.023239237930114953
2013-05-01,90.56024558710666,4197.4455,4.506015326322957,8.342231404948405,0.003395589001138788,0.024411140349338112
2013-06-01,91.25095932463545,4403.786578947369,4.513613505554028,8.390220035938832,0.0075981792310715335,0.04798863099042627
2013-07-01,92.0951650038373,4464.630652173913,4.5228224446393375,8.40394176921132,0.009208939085309176,0.013721733272488379
2013-08-01,92.24865694551035,4429.567142857142,4.524487723958399,8.396057147849213,0.0016652793190612414,-0.007884621362107325
2013-09-01,92.32540291634687,4446.421666666666,4.525319324837925,8.39985493183231,8.316008795263841e-4,0.0037977839830976023
2013-10-01,92.24865694551035,4444.598478260868,4.524487723958399,8.399444812767989,-8.316008795263841e-4,-4.1011906432153467e-4
2013-11-01,92.32540291634687,4425.682857142858,4.525319324837925,8.395179863534619,8.316008795263841e-4,-0.004264949233370174
2013-12-01,92.70913277052954,4520.29625,4.529466987358006,8.41633281271389,0.004147662520081141,0.02115294917927102
2014-01-01,92.93937068303913,4635.217499999999,4.5319473524163385,8.441438402465328,0.002480365058332268,0.02510558975143873
2014-02-01,92.8626247122026,4512.64525,4.531121247454033,8.414638790488754,-8.261049623055072e-4,-0.026799611976574766
2014-03-01,92.8626247122026,4423.77761904762,4.531121247454033,8.394749274996526,0,-0.019889515492227616
2014-04-01,93.01611665387567,4433.22675,4.532772775492506,8.396882983899355,0.0016515280384732378,0.0021337089028286016
2014-05-01,93.16960859554872,4421.633684210527,4.5344215804826895,8.394264518594461,0.0016488049901832724,-0.0026184653048932915
2014-06-01,93.16960859554872,4404.765,4.5344215804826895,8.390442188479549,0,-0.003822330114912731
2014-07-01,93.0928626247122,4267.306956521739,4.533597517807296,8.358738217915315,-8.240626753934777e-4,-0.031703970564233686
2014-08-01,92.93937068303913,4267.8544999999995,4.5319473524163385,8.358866520931445,-0.0016501653909575253,1.2830301612964945e-4
2014-09-01,93.0928626247122,4334.3785714285705,4.533597517807296,8.374333527480609,0.0016501653909575253,0.015467006549163997
2014-10-01,93.63008442056791,4574.266304347826,4.539351746590548,8.42820159421452,0.00575422878325238,0.0538680667339122
2014-11-01,93.93706830391405,4641.883499999998,4.542625071935517,8.442875489578475,0.003273325344968825,0.014673895363953804
2014-12-01,93.78357636224098,4629.903809523809,4.540989748594787,8.440291371383648,-0.0016353233407304657,-0.0025841181948269565
2015-01-01,93.39984650805832,4753.523809523809,4.5368897018507734,8.466641476627144,-0.004100046744013319,0.026350105243496458
2015-02-01,91.8649270913277,4760.045749999999,4.5203193144212195,8.468012558523816,-0.016570387429553968,0.0013710818966714555
2015-03-01,91.71143514965463,4765.009318181818,4.518647073228857,8.469054771633466,-0.0016722411923622005,0.0010422131096508025
2015-04-01,92.32540291634687,4962.675999999999,4.525319324837925,8.509700390361504,0.006672251609067814,0.04064561872803729
2015-05-01,93.01611665387567,5069.137222222222,4.532772775492506,8.530925908972426,0.00745345065458114,0.021225518610922478
2015-06-01,93.47659247889484,5136.557619047619,4.537711057133088,8.544138410163269,0.004938281640582076,0.01321250119084283
2015-07-01,94.0905602455871,5151.658181818182,4.544257725359403,8.547073918886369,0.006546668226314445,0.0029355087231
2015-08-01,95.01151189562547,5262.070952380953,4.553998062107787,8.568279945428174,0.009740336748384593,0.02120602654180459
2015-09-01,95.62547966231772,5506.597619047619,4.560439308210644,8.613702219414376,0.006441246102856901,0.04542227398620291
2015-10-01,96.54643131235609,5650.597272727273,4.570024046123632,8.639516530540496,0.009584737912987862,0.025814311126119094
2015-11-01,97.00690713737528,5638.697380952381,4.574782183570049,8.6374083569925,0.0047581374464167325,-0.0021081735479953068
2015-12-01,97.85111281657711,5802.478571428572,4.583447066455773,8.666040445152298,0.00866488288572409,0.028632088159797675
2016-01-01,97.544128933231,5907.23775,4.5803048800527,8.68393361535456,-0.003142186403072955,0.017893170202262
2016-02-01,97.16039907904833,5792.009749999999,4.576363211567368,8.664234617420489,-0.003941668485332173,-0.01969899793407137
2016-03-01,97.00690713737528,5694.637142857143,4.574782183570049,8.647280158813139,-0.0015810279973189623,-0.016954458607349565
2016-04-01,97.0836531082118,5567.504047619047,4.575573010024867,8.624702126139619,7.908264548177613e-4,-0.0225780326735201
2016-05-01,97.23714504988487,5619.40340909091,4.577152789184385,8.63398078228687,0.0015797791595186794,0.00927865614725043
2016-06-01,97.46738296239447,5639.015454545455,4.579517788315883,8.637464764456992,0.0023649991314975694,0.003483982170122246
2016-07-01,97.46738296239447,5559.974047619047,4.579517788315883,8.623348719539319,0,-0.01411604491767271
2016-08-01,97.46738296239447,5517.499772727273,4.579517788315883,8.61568009693964,0,-0.0076686225996791535
2016-09-01,97.544128933231,5558.014090909091,4.5803048800527,8.622996145547363,7.870917368171249e-4,0.007316048607723502
2016-10-01,97.92785878741364,5632.54175,4.584231072767981,8.636316084618032,0.003926192715280941,0.013319939070669307
2016-11-01,98.15809669992325,5772.760227272727,4.586579410442089,8.660905620727535,0.0023483376741078033,0.02458953610950232
2016-12-01,98.61857252494244,5785.893333333334,4.591259606192566,8.663178050062541,0.004680195750477623,0.002272429335006265
2017-01-01,98.77206446661549,5754.478636363638,4.592814816459373,8.657733723892077,0.0015552102668063839,-0.0054443261704637536
2017-02-01,98.77206446661549,5676.746842105264,4.592814816459373,8.64413360857155,0,-0.01360011532052674
2017-03-01,98.54182655410591,5528.543260869565,4.590481093113152,8.617679635016428,-0.0023337233462203955,-0.0264539735551228
2017-04-01,98.84881043745203,5569.53,4.593591515527545,8.625065948750672,0.003110422414392744,0.007386313734244254
2017-05-01,99.07904834996161,5590.989285714287,4.595917999709888,8.628911524679662,0.002326484182343158,0.0038455759289899305
2017-06-01,99.23254029163469,5572.091428571428,4.597465987635104,8.625525743338557,0.0015479879252158213,-0.003385781341105343
2017-07-01,99.23254029163469,5550.991190476191,4.597465987635104,8.621731783673264,0,-0.0037939596652929453
2017-08-01,99.38603223330774,5596.319318181817,4.5990115829968845,8.629864396019775,0.0015455953617804497,0.008132612346511081
2017-09-01,99.76976208749039,5658.917142857143,4.602865152312874,8.640987835377292,0.003853569315989347,0.011123439357517029
2017-10-01,99.84650805832692,5642.322142857143,4.6036340873757515,8.638050987212553,7.689350628776737e-4,-0.0029368481647384925
2017-11-01,99.84650805832692,5655.512727272729,4.6036340873757515,8.640386052392868,0,0.002335065180314899
2017-12-01,100,5630.759444444444,4.605170185988092,8.635999604477856,0.0015360986123402753,-0.004386447915011971
2018-01-01,101.3,5619.798863636363,4.618086411254637,8.634051152858733,0.012916225266545567,-0.0019484516191230483
2018-02-01,101.5,5583.590263157895,4.620058798481842,8.627587264808351,0.0019723872272043863,-0.006463888050381783
2018-03-01,101.5,5531.7945,4.620058798481842,8.61826754458924,0,-0.00931972021911065
2018-04-01,101.4,5545.904285714287,4.619073091157083,8.62081496777117,-9.857073247587778e-4,0.0025474231819284654
2018-05-01,102.1,5642.48825,4.625952725170619,8.638080426279243,0.006879634013536418,0.01726545850807426
2018-06-01,103.9,5685.003999999999,4.6434288981051814,8.64558710979037,0.01747617293456205,0.007506683511126155
2018-07-01,104.2,5723.0275,4.646312129319266,8.65225322756967,0.002883231214084958,0.006666117779300151
2018-08-01,104.3,5780.26545454546,4.647271362006727,8.662204887003787,9.59232687460343e-4,0.009951659434117133
2018-09-01,104.9,5855.1445,4.653007515402251,8.675075955488166,0.005736153395524468,0.012871068484379578
2018-10-01,106.2,5954.315652173913,4.665324108807838,8.691871555315567,0.012316593405587106,0.01679559982740031
2018-11-01,106.5,5936.246136363636,4.66814498514948,8.688832249008394,0.0028208763416417426,-0.003039306307172751
2018-12-01,106.4,5927.67552631579,4.667205576907544,8.687387429701177,-9.394082419360572e-4,-0.0014448193072169602
2019-01-01,105.9,6038.733636363637,4.662495252607361,8.70594960609283,-0.004710324300183366,0.018562176391652585
2019-02-01,106,6058.9365,4.663439094112067,8.709289568612798,9.438415047062776e-4,0.0033399625199681537
2019-03-01,106.5,6129.52925,4.66814498514948,8.720873231527905,0.004705891037413146,0.011583662915107595
2019-04-01,106.9,6230.003000000001,4.671893818030999,8.737132093322314,0.0037488328815191707,0.01625886179440883
2019-05-01,108.7,6316.52125,4.688591794127164,8.750923900469294,0.016697976096164524,0.013791807146979806
2019-06-01,108.6,6233.72447368421,4.687671407499835,8.737729261994794,-9.203866273290728e-4,-0.013194638474500309
2019-07-01,108.3,6054.909565217392,4.684905154006945,8.708624720321138,-0.0027662534928900584,-0.029104541673655504
2019-08-01,108.4,6143.629047619048,4.685828089005546,8.723170896640696,9.229349986012991e-4,0.014546176319557347
2019-09-01,109.1,6338.7961904761905,4.692264892839025,8.754444154083458,0.006436803833478777,0.03127325744276277
2019-10-01,109.5,6439.38195652174,4.695924549256556,8.770187845008833,0.0036596564175308544,0.01574369092537431
2019-11-01,109.6,6454.8885714285725,4.696837374513915,8.772593040765917,9.128252573598061e-4,0.002405195757084755
2019-12-01,109.6,6449.61125,4.696837374513915,8.7717751366556,0,-8.179041103169027e-4
2020-01-01,109.9,6515.759772727272,4.699570861409576,8.781979101750618,0.002733486895660775,0.010203965095017864
2020-02-01,110,6521.4484999999995,4.700480365792417,8.782851792822935,9.095043828404314e-4,8.726910723169112e-4
2020-03-01,109.9,6576.655681818182,4.699570861409576,8.791281640071158,-9.095043828404314e-4,0.008429847248223155
2020-04-01,109,6510.182631578948,4.6913478822291435,8.781122788815091,-0.008222979180432688,-0.01015885125606708
2020-05-01,108.9,6589.564166666667,4.690430029938915,8.793242489750574,-9.178522902288933e-4,0.012119700935482314
2020-06-01,109.1,6708.491904761904,4.692264892839025,8.811129451316212,0.0018348629001101457,0.017886961565638515
2020-07-01,109.9,6900.7300000000005,4.699570861409576,8.83938248209068,0.0073059685705514354,0.028253030774468613
2020-08-01,110.6,6950.949285714286,4.7059200890882344,8.846633517104122,0.006349227678658309,0.007251035013441154
2020-09-01,110.9,6984.941904761904,4.7086288943563215,8.851511954514299,0.0027088052680870334,0.004878437410177128
2020-10-01,111.1,7018.63590909091,4.7104306966455844,8.856324163193948,0.001801802289262966,0.004812208679648933
2020-11-01,111.5,7031.828095238096,4.7140245909001735,8.858201992996536,0.003593894254589003,0.0018778298025878826
2020-12-01,111.6,6943.981249999999,4.71492104994721,8.84563055616373,8.96459047036835e-4,-0.012571436832805816
2021-01-01,111.6,6902.8255,4.71492104994721,8.839686099519698,0,-0.005944456644032314
2021-02-01,111.8,6723.152,4.716711560720999,8.813312371167793,0.0017905107737883341,-0.026373728351904546
2021-03-01,112.8,6539.748409090909,4.725616339063959,8.785653974153307,0.008904778342960107,-0.027658397014485914
2021-04-01,112.8,6410.748750000001,4.725616339063959,8.765731352765384,0,-0.019922621387923556
2021-05-01,114.2,6717.37975,4.73795129722191,8.812453439324583,0.01233495815795127,0.04672208655919974
2021-06-01,115.5,6744.511818181819,4.749270529961848,8.816484389177726,0.011319232739937846,0.004030949853142118
2021-07-01,117.9,6848.176818181819,4.769836807543325,8.831737737900301,0.020566277581477443,0.015253348722575666
2021-08-01,118.6,6926.457727272727,4.775756486563625,8.84310381103632,0.005919679020299995,0.011366073136018784
2021-09-01,119.1,6898.755952380951,4.779963476361254,8.839096377573552,0.00420698979762868,-0.004007433462767551
2021-10-01,122.1,6907.006190476191,4.804840381116659,8.840291565349784,0.024876904755404716,0.0011951877762310659
2021-11-01,122.7,6855.647045454545,4.809742351716865,8.832827977834352,0.004901970600206695,-0.0074635875154314135
2021-12-01,121.8,6815.5428571428565,4.802380355275797,8.826960997178766,-0.007361996441068719,-0.005866980655586218
2022-01-01,123.6,6986.959047619048,4.817050545023591,8.851800697310004,0.014670189747794105,0.024839700131238374
2022-02-01,126.1,6966.151315789474,4.837075242970874,8.848818172738472,0.020024697947283343,-0.0029825245715322524
2022-03-01,128.3,6962.944130434782,4.8543712716215905,8.848357671132499,0.017296028650716444,-4.605016059731071e-4
2022-04-01,132.4,6851.9389473684205,4.885827643502908,8.832286949212898,0.031456371881317224,-0.016070721919600572
2022-05-01,133,6852.801428571429,4.890349128221754,8.832412815326446,0.004521484718845947,1.2586611354770127e-4
2022-06-01,134.6,6858.111590909091,4.902307417210627,8.833187404530772,0.011958288988873633,7.745892043260483e-4
2022-07-01,136.4,6868.381904761906,4.915591745409362,8.834683826872364,0.013284328198734485,0.0014964223415923072
2022-08-01,135.6,6874.472272727274,4.909709375506295,8.83557015925797,-0.0058823699030670085,8.8633238560476e-4
2022-09-01,136.2,6974.235454545455,4.9141243937154115,8.849977988430156,0.004415018209116717,0.014407829172187192
2022-10-01,136.4,7176.84425,4.915591745409362,8.878615045926656,0.0014673516939502917,0.028637057496499807
2022-11-01,138,7181.52619047619,4.927253685157205,8.879267200801966,0.011661939747843242,6.52154875309563e-4
2022-12-01,137.7,7238.661999999998,4.925077405734609,8.887191661671078,-0.002176279422595684,0.007924460869112693
2023-01-01,139.4,7373.170681818181,4.937347498326424,8.905603107296935,0.012270092591814219,0.018411445625856615
2023-02-01,139.4,7292.057631578948,4.937347498326424,8.894541039165423,0,-0.011062068131511893
2023-03-01,139.1,7184.707826086957,4.935193098929397,8.879710133258602,-0.002154399397026552,-0.014830905906821457
2023-04-01,138.6,7173.02611111111,4.931592086755803,8.878082896313746,-0.00360101217359432,-0.001627236944855781
2023-05-01,138.4,7207.704523809525,4.93014804318357,8.882905805635726,-0.0014440435722331557,0.004822909321980262
2023-06-01,138.1,7251.661666666667,4.9279780604152466,8.888985916989766,-0.002169982768323031,0.00608011135403963
2023-07-01,138.1,7272.678095238096,4.9279780604152466,8.891879878930025,0,0.00289396194025926
2023-08-01,137.1,7273.179772727272,4.920710586568268,8.891948857672142,-0.007267473846978234,6.897874211730937e-5
2023-09-01,138.2,7276.052250000001,4.92870191133357,8.892343720755713,0.0079913247653014,3.9486308357084e-4
2023-10-01,138.7,7384.842499999999,4.932313327320786,8.907184867723839,0.003611415987216482,0.01484114696812533
2023-11-01,137.9,7442.171363636363,4.926528784799256,8.91491793519835,-0.005784542521530156,0.0077330674745113015
2023-12-01,137,7335.212222222223,4.919980925828125,8.900441622976835,-0.006547858971130971,-0.014476312221514576
2024-01-01,136.5,7282.998863636363,4.916324614625014,8.893297988188294,-0.003656311203110718,-0.0071436347885409646
2024-02-01,136.3,7285.048095238096,4.914858338702487,8.893579320561953,-0.0014662759225272382,2.8133237365857156e-4
2024-03-01,138.3,7317.5875,4.929425238670713,8.898035976130354,0.014566899968225577,0.0044566555684006914
2024-04-01,138.4,7405.407045454545,4.93014804318357,8.909965694192447,7.228045128568894e-4,0.011929718062093642
2024-05-01,139.2,7506.951749999999,4.935911747900319,8.92358477021786,0.005763704716749807,0.013619076025412014
2024-06-01,139.6,7529.649736842106,4.938781190328272,8.92660380402043,0.0028694424279525066,0.0030190338025715135
2024-07-01,139.7,7554.67804347826,4.939497266262916,8.929922258772754,7.16075934644067e-4,0.0033184547523230634
2024-08-01,140.3,7594.076190476189,4.943782987108415,8.93512377372485,0.0042857208454991635,0.005201514952096531
2024-09-01,141.2,7764.5705,4.950177325059141,8.95732642175423,0.006394337950726303,0.022202648029379546
2024-10-01,141.4,7866.67847826087,4.951592753462473,8.970391203818304,0.0014154284033311981,0.01306478206407391
2024-11-01,141.3,7805.082857142857,4.950885289690482,8.96253044879874,-7.074637719908239e-4,-0.00786075501956418
2024-12-01,141.2,7810.242,4.950177325059141,8.96319122826917,-7.079646313403742e-4,6.607794704311942e-4
2025-01-01,141.9,7892.684772727274,4.955122584165997,8.973691631336731,0.004945259106855282,0.010500403067560171
2025-02-01,143.3,7897.4905,4.964940334834126,8.974300329763203,0.009817750668129399,6.08698426471932e-4
2025-03-01,143.8,7962.894,4.9684234452869465,8.982547780602852,0.0034831104528203483,0.008247450839649062
2025-04-01,144,8006.00075,4.969813299576001,8.987946633232255,0.0013898542890542487,0.005398852629403095
2025-05-01,143.3,7986.7823684210525,4.964940334834126,8.985543250320415,-0.004872964741874597,-0.0024033829118401684
2025-06-01,144.6,7955.8235,4.973971309724664,8.98165945521295,0.009030974890538168,-0.003883795107464394
2025-07-01,144.6,7550.952391304347,4.973971309724664,8.929428978831139,0,-0.052230476381812
2025-08-01,143,7313.601750000002,4.962844630259907,8.897491146857696,-0.011126679464757316,-0.03193783197344224
2025-09-01,141.9,7158.730749999999,4.955122584165997,8.876087974687515,-0.007722046093910251,-0.021403172170181506
2025-10-01,140.6,7056.714347826088,4.9459189793765646,8.861734832333498,-0.009203604789432163,-0.014353142354016413
2025-11-01,140.7,7038.682250000001,4.946629964120343,8.859176251233924,7.109847437787309e-4,-0.0025585810995742975
2025-12-01,139,6725.003684210526,4.9344739331306915,8.813587752307887,-0.01215603098965179,-0.04558849892603689
2026-01-01,138.5,6687.263333333332,4.930870325627393,8.807960001169942,-0.003603607503298356,-0.005627751137945225
2026-02-01,137.6,6525.67,4.924350925499243,8.783498908911797,-0.00651940012815011,-0.024461092258144745
2026-03-01,140.5,6504.371904761905,4.945207488773801,8.780229830521831,0.02085656327455787,-0.0032690783899660403
2026-04-01,144.8,6348.231,4.975353479951616,8.75593147039821,0.030145991177815468,-0.02429836012362152
2026-05-01,144,6126.092777777778,4.969813299576001,8.720312432197687,-0.005540180375615655,-0.03561903820052237
2026-06-01,143.5,6115.41,4.966335035199676,8.718567094115668,-0.0034782643763247023,-0.0017453380820189324
2026-07-01,142.6,6049.620869565217,4.9600435079801954,8.707750882873713,-0.006291527219480564,-0.010816211241955642
2026-08-01,143.6,5974.51738095238,4.9670316566141235,8.695258600475029,0.0069881486339280485,-0.01249228239868394
